Stage,Train Loss,Val Loss,Val mIoU,mIoU,Pixel Acc
Stage 1,2.1481718323002124,1.403751212440125,0.03484915129801264,,
Stage 2,2.582296935662831,2.5707012692542923,0.03484915129801264,,
Stage 3,1.983725224455742,2.566489435222051,0.03484915129801264,,
Final Test,,,,0.03484915129801264,0.7318321772582654
