Stage,Train Loss,Val Loss,Val mIoU,Val Acc,mIoU,Pixel Acc
Stage 1,1.7186600157659349,1.6170934455035484,0.17981477762412973,0.6465702951885367,,
Stage 2,3.0311299823734856,3.0257592560493785,0.031627930007401085,0.09192457917872475,,
Stage 3,2.9626918320786464,2.975680174892896,0.06616424957378532,0.10529575683631771,,
Final Test,,,,,0.06786404498132385,0.10710698594091596
