Stage,Train Loss,Val Loss,Val mIoU,mIoU,Pixel Acc
Stage 1,2.111639394947927,1.3915082869464404,0.03484915129801264,,
Stage 2,1.9829076491806605,2.529613001705849,0.03484915129801264,,
Stage 3,1.9020360373470881,2.5161364274482203,0.03484915129801264,,
Final Test,,,,0.03484915129801264,0.7318321772582654
